address,choice,balance,timestamp,dateUtc,authorIpfsHash
0x8Fac841807E21807F511dAf3C04a34cd78661F4c,1,142157.52622800999,1625247929,"Fri, 02 Jul 2021 17:45:29 GMT",QmS2rRKb1rnC18ki2S4CTyDmg9fPgZs68y9qZnyTnjRJdi
0x3839AcF1ee7699D1F46b1BE840D8aD8317FDf757,1,204465.27192754,1625247998,"Fri, 02 Jul 2021 17:46:38 GMT",QmQqCrQBpYn8DEGhbVPsjX9fmKAHb79axpxaPGQvLQDtzo
0x31562D5959b37E39702c0F94D06EF155489d9359,1,121410.74612274906,1625248085,"Fri, 02 Jul 2021 17:48:05 GMT",QmSpVV94TdCCDvhEVeiQvQVNG46sXaHZHZ4kNvCxtHwzu8
0x9fE5829435eB70d4a3C51f8Df130f6AAD3475Efa,1,2070.49300860324,1625248157,"Fri, 02 Jul 2021 17:49:17 GMT",QmYmzF2BbtpUcFUNNWtfdZqZWacNRPSQvBFfC6gMmd3iaJ
0xcDbB43A1BacB5Fe29ff895C7f79dC9dD0d536F71,1,198498.23922801,1625248167,"Fri, 02 Jul 2021 17:49:27 GMT",QmWJPqkKzsXQpLYGBbStZbckHuX7C8wUXWFkUT4caKrfdq
0x76Da9F88e63a85Ba8BFA19F3821D5A271753D3dc,1,54372.12341335,1625248509,"Fri, 02 Jul 2021 17:55:09 GMT",QmU8gbNAANYCvTfoEdxe8SrPiQeFwLxWETCvPiCgm5m1j1
0xE4067ED66738dBDC7b8917703C8c380d898033F8,1,74761.74755372165,1625248877,"Fri, 02 Jul 2021 18:01:17 GMT",Qmcm1asDYVJVutCjmimFFLwioJJPwVqVgzpmkMsGKuRdSe
0x1CC214f8E3a9977c0019BaB3EF8103Db50C0CCf9,1,138196.7640998567,1625248933,"Fri, 02 Jul 2021 18:02:13 GMT",Qme1T8VcanM9rznN5HBJHipN4NbxSFC2d6xigG7K3Unwk2
0x23dB246031fd6F4e81B0814E9C1DC0901a18Da2D,1,138458.359,1625248973,"Fri, 02 Jul 2021 18:02:53 GMT",QmeSQh5XqPsi3tTUEcYtKVz7q6V5fSvoaY2EZf9bCNVwW6
0xB64943f4F26D837cEEAc96CAE86d1bAB23A3414d,1,702397.4632212627,1625249005,"Fri, 02 Jul 2021 18:03:25 GMT",Qmbk29UrBVB5tkh7b1vGBaLYnaTARNeSzEHoddb9s8uL7P
0x5A4826eF9Baaa494905840204a1B008F143bB3a6,1,52605.28742204,1625249416,"Fri, 02 Jul 2021 18:10:16 GMT",QmUzhGp3nYb1fFmDbkGuDvWMZL7bki3i1XKVFc9WZKyTY3
0xCed2f0dcb70757339F7072A3ffA08a4A73497435,1,10459.773493041857,1625249615,"Fri, 02 Jul 2021 18:13:35 GMT",QmRDvPmyjnujMew3oCSbuj2Y62nHvX3RLhyfna7E9BUjAF
0x932951390dda96536217Ac6eA8941F54Ea90A30A,1,52605.28742204,1625249787,"Fri, 02 Jul 2021 18:16:27 GMT",QmNi25CUbXw4b3enVhX21jP27isr3NyzySunJnWLbm8NtT
0x856A6b90C32BB4b27565660085BbCf3a45Aa5172,1,52708.614422039995,1625250363,"Fri, 02 Jul 2021 18:26:03 GMT",QmVZsNw3Ky6VPZhAugkeAgy6oiSDZPJA7Y732k7ZBUHgC4
0x9eDa173B60B105d2E255A1f535f70dB2587eEFe0,1,109119.98949103369,1625251596,"Fri, 02 Jul 2021 18:46:36 GMT",QmQMgfyNy6ZYCCEFtsgawC99qUzZKrx1LG3HEW1XnUgyhv
0xF1cAf10C5Fe421660e8fdF2c0CDaA0be68633B3e,1,56604.95841186093,1625251605,"Fri, 02 Jul 2021 18:46:45 GMT",QmcJQYPP6pxQnwcRz6m1f1ajPq3Vg7TE9jnqYsizRdP1yM
0xedd049C56b804bcDBf7E704Cc312491E3D50485a,1,73790.38746879152,1625251918,"Fri, 02 Jul 2021 18:51:58 GMT",QmcRfktLCAgdukp1r4hqiMyzsaJoNtoUSVXXhCVD1dUqmz
0xFd2a31A8A19f747ec416CdC46ffc432da366073A,1,46152.76385490699,1625252039,"Fri, 02 Jul 2021 18:53:59 GMT",QmWfoWU91yw248sJFTHxdeVbHuCjAuXVcnrKd5GcB29WFU
0x211126674fEdE6fC82F1C2ad95F12BaE374EFC1d,1,56762.54857807,1625252090,"Fri, 02 Jul 2021 18:54:50 GMT",QmVTSH3Y7rxUb5fxDX33JvsU7c21spYVdQPUWMbQHfaAP2
0x6a58e5864E0fc7dA7489cA3A9613C3492b2A9842,1,50721.84947471266,1625252107,"Fri, 02 Jul 2021 18:55:07 GMT",QmSZ83oZryuQce8a67qN8sRvHWUDVn1dWgmRyinWVStXQG
0x51EC15594230DDf21A7EA5A4aC392BB8Dbda527E,1,75233.92942204,1625252109,"Fri, 02 Jul 2021 18:55:09 GMT",QmNN1hfLWzzqdPYMiGRMAMjh3Fj3vzPbFfEAAiCTuL7SeP
0xE71eFd5865A42Cb0f23146Dc8E056dBA4E67e9b7,1,338.35367370802334,1625252136,"Fri, 02 Jul 2021 18:55:36 GMT",Qmc4vdewbRgFiTGNzMHqTJWiUvtGM5uQMoVupDPT1dX3SZ
0x915bEf8030c3F6e992522aB9Fb714FFE6c30156c,1,58628.22131981576,1625252152,"Fri, 02 Jul 2021 18:55:52 GMT",QmRVCpxKpwLWNvN87YiGz1DWUFbiquu2Cwwi8UrJTPUcQ7
0x500F736F569b801e12cbdD5D8116EA0717512520,1,54568.50342204,1625252283,"Fri, 02 Jul 2021 18:58:03 GMT",QmeqVohgiQpWndoVfczEytXBvJt2BaHsgaSujTE3qSsp86
0x2C8D2e50Ee03f98A2f4CCFbe1A61552b79bDF6fa,1,52915.26842204,1625252649,"Fri, 02 Jul 2021 19:04:09 GMT",QmT5M9B6jkx3cXeu3mQZ4bwqWLuD8Y5qWhZdVnUsoAZX4X
0x965156032b16726221f3049Ad19370E79d90f16A,1,2077.601824232693,1625253026,"Fri, 02 Jul 2021 19:10:26 GMT",QmUbpVYj18ohJrUywyqtAeht1Fg9JrxdeSLzDKXGZUiTHa
0xac19BAaBe85DD01b94FE1528c24a9472a4d9b583,1,52605.28742204,1625253313,"Fri, 02 Jul 2021 19:15:13 GMT",QmfPqLNFr1AJfJEcrCW4NBegrs9DeDGav8Xkprhq2fsTKE
0xe742238845698542cB54A760328C99bcc20e6154,1,36689.452945293866,1625253364,"Fri, 02 Jul 2021 19:16:04 GMT",QmaWkx7Zz7ovCabDC9hH2nEjevFRntMPWxat5QuhRHcVzQ
0x73641eE05A9d6a8a23D3188Ea13B690a078eAC05,1,208897.92179574,1625253573,"Fri, 02 Jul 2021 19:19:33 GMT",QmT1P7Q4BZLp6iqJUDRPdgGhPSgiXW1FJocZuZmaqFJwj4
0x5d29b68AaFB22c491977EAcf7DFB1661D2832555,1,60858.537,1625253601,"Fri, 02 Jul 2021 19:20:01 GMT",QmTn2iLYgCksguPxaVf1RAKtYpfywZRJzKoPWF2Qzyeuc4
0xb795b5957bc72cfb1e71C6A8Eb504c195dd52fC4,1,35000,1625253991,"Fri, 02 Jul 2021 19:26:31 GMT",QmPgbNPtd8XVWZqNreMpBUXYrgoGAkzA7PhwYTvUuyqM3i
0x128e5625e15FdBA91d6CcB1AbDFdC62b5d152b4f,1,203968.18895037,1625254737,"Fri, 02 Jul 2021 19:38:57 GMT",QmU8u3wqYrCQgSf1ig3MuqidHJqrSrq6dxEhUUybSccCxF
0xBD19a3F0A9CaCE18513A1e2863d648D13975CB30,1,49880.15366133,1625255546,"Fri, 02 Jul 2021 19:52:26 GMT",QmYuerLjPpe6geJWc1bUAN2mNi8YR7Z88tsESom2T9Vzz1
0x0F46540678c7e6D2eF983B382CC07Fa815AB148c,1,35460.90565152699,1625255602,"Fri, 02 Jul 2021 19:53:22 GMT",QmdrjmZz75kS5aJUxbFNK97wz3T8KDoKLEJ6PS71sWivxd
0xdC99de2B50984269D5DD976766cAD8D9eb9Cff94,1,52605.28742204,1625256692,"Fri, 02 Jul 2021 20:11:32 GMT",QmZiNdP5E5SYT2vDJPZavhavTui7xjdcwxFYcbuptbjAPA
0x780F3308B5eEEF72135F2843A90fe64cC0698fbb,1,208610.81285184197,1625256697,"Fri, 02 Jul 2021 20:11:37 GMT",QmWbu8nTNqpTc5rHBsBmwU9SmXQ4ntcU2CFi8GkXYSU7zc
0x1200Eb4fA3dF9903fC6EfF1d7A4a5D17502329b2,1,56554.68552027,1625256848,"Fri, 02 Jul 2021 20:14:08 GMT",QmXxXo46RWDfoKkg9tyrceMoGacXKHUiddx34RWU1bpDwy
0xb464CA834796272E08Dc6460940B281B046a2cEe,1,52915.26842204,1625257020,"Fri, 02 Jul 2021 20:17:00 GMT",QmUAHNAYeWxE1TA5ei8QmRdo5CwjHekYqkXiC3NBWeGuGk
0x8f9662a896ab04c5e137310F14aB898fa4F33EE7,1,52605.28742204,1625257212,"Fri, 02 Jul 2021 20:20:12 GMT",QmV3sG5mYTqthECURTR3yE3bjsxedWnWPwpgVrJD3YvB4C
0xAFa6F7A00e089059DB60268ad230aF5e311C440c,1,125845.00522800999,1625257712,"Fri, 02 Jul 2021 20:28:32 GMT",QmdDtaSwLsbMSRj7ZCGG6CF2rg2zMo6rjkTKWmvpMxUbbT
0xb48d6C33A96F5519C82569b478fcD723b3A94a2A,1,55705.101422039996,1625258027,"Fri, 02 Jul 2021 20:33:47 GMT",QmQ1zPBuRoHHByDxshJKrQGUyNzRCYkuc2vgfZuqaAEb4E
0x9311D45341b284900711F9BC155ce2E381248c29,1,173861.00087731707,1625258405,"Fri, 02 Jul 2021 20:40:05 GMT",QmWfDZH9HmhLF72wmpnyYY7cWGqFGHBLZiqMpJ9WJQBFh3
0xDD0Ae472337D8b3E63a60FceD8ae4BE36093598f,1,56415.47,1625258450,"Fri, 02 Jul 2021 20:40:50 GMT",QmcH7gx9QyQNt6ttyysAnaDpbhrXSKq1JAgq427LfcoyoW
0x5339dB17791Fc342c6326a52F9041499C14bdDc5,1,183389.74622801,1625259064,"Fri, 02 Jul 2021 20:51:04 GMT",QmP2LQaZ6pBo3zTKsKWP7HJATFFqaNVXbn5pgvvd3XFo4N
0x540c44FF7B71F2487Cd11aaF53aeC1a85BFE8f7a,1,3803.327,1625260019,"Fri, 02 Jul 2021 21:06:59 GMT",QmXVD94r1jc1TfT8NJdfP7W43CizHREpTBjMe71haSdNMp
0x18035bb5dCFf413940151CEA396C7aB230072E0b,1,36005.28742204,1625263656,"Fri, 02 Jul 2021 22:07:36 GMT",QmTs9wWrCeKbv1igkiJqrhCBV8Agh7YVoVW1FZS9mKEQb7
0x522d634b6BFfb444FdbCdE5932738995A4cfd1F1,1,129596.43073093375,1625264758,"Fri, 02 Jul 2021 22:25:58 GMT",QmS4BDtkBkw8gN1ndJ9pQK1aKhKQ4WSARaNvQypk48fC7Y
0x421312c8e8Cb7bf137EA430d235EAa391452fa7c,1,56415.47,1625264879,"Fri, 02 Jul 2021 22:27:59 GMT",QmZaRYvPuz4qkBox3GgutdRXzhbA1PJnzccJGwmkad9Bfr
0xb7aD24ef67E01c5a353477Abf81E867cAb48A132,1,52605.28742204,1625267428,"Fri, 02 Jul 2021 23:10:28 GMT",QmXqnDUmbar3tXYku15ExjKghch55w8g5SSmYEcdeGSyiC
0x3F91D0a626E29FD7951D730652caB1992B14A781,1,789.87961965,1625268344,"Fri, 02 Jul 2021 23:25:44 GMT",QmUcJWMiDBL5YGyVC9kHVxm4qsMvJpZqGEb78n568AJga3
0x5e7C21DefE711bCd5CEa1B267d2e87F7913D510F,1,1305.7513709348584,1625273903,"Sat, 03 Jul 2021 00:58:23 GMT",QmXUyUJrnSpk2rqPbXsERCxcjJYma3T6pRZ4NvoUvAbtjp
0x1ccb144B700EC726d37Db38c617E154De6d9c0d0,1,2369.63885894,1625275337,"Sat, 03 Jul 2021 01:22:17 GMT",QmS1QR7ZJ6BGcTy9zpeEexYY1GkdamQRSycjZrRxc3mqva
0xdDCdd2e4D5B0397537F485A72d971b403423403b,1,1410.2144519,1625275682,"Sat, 03 Jul 2021 01:28:02 GMT",Qmf89ZgdwbmojLg7ASzrMBSyfUcxvVT4MDyUEMqTiECCWd
0x19cf388796C31fa7a583270d82659EcD2b4fd490,1,35500,1625278245,"Sat, 03 Jul 2021 02:10:45 GMT",QmeUHeCwzb4443bnJ4iHEqKgTYMS2txU7YY81aoFtUo3b7
0x717c02129cb01b3C759EA960d75b48e8BABc8227,1,100,1625278438,"Sat, 03 Jul 2021 02:13:58 GMT",QmV8ZJx6cwtRoNxeJkip4uR9cwH2mSQXQYyWL6zme2LWJi
0x017154d1f2C228765c494DA30C018fa48a09e1aD,1,100,1625278518,"Sat, 03 Jul 2021 02:15:18 GMT",QmWSVKT8FvnvhMpJ9VB7PTznVxhV5hAhGrqxqjye4s8bXW
0x8725F2ab39565e7726799a02bc353f8FBf1d507C,1,5843.52507338,1625278536,"Sat, 03 Jul 2021 02:15:36 GMT",QmcHduBokaRtVUe95BsLCG31HExF5ed4NfR9aiACjzVhAM
0x0B1f9e300e6E4B4C25cC73C53C8AA700e552f99F,1,35000,1625279638,"Sat, 03 Jul 2021 02:33:58 GMT",QmVbLLELnKuBcPuqYxMBhs9WQaTZDwy2Q8sd112QEoFNdh
0x0a1f2e1a4585bbf5E54a894FffA74133654BfaDC,1,52708.614422039995,1625280441,"Sat, 03 Jul 2021 02:47:21 GMT",QmTMWBQQWfb7qTTAeSd4Desr3atwe8avcrZ2nn421axo4z
0x0b0e6e7235d67E35EA8D736766088A28C1985aFC,1,69240.95642203999,1625281368,"Sat, 03 Jul 2021 03:02:48 GMT",QmeVQzPVb1TUZS1pDsviKoTkfHTjifepns9q7u645Vkan8
0x2fe59a3d4379A127adb934bcb9fcCcf2c770Eb97,2,52605.28742204,1625282729,"Sat, 03 Jul 2021 03:25:29 GMT",QmbxdD3gtCwEwYp2Lxay3mhXX6rahkJw6Sn544dXfeM5Et
0x560390d76af48208DC50A8906A91BaF7Cf93B116,1,52605.28742204,1625283284,"Sat, 03 Jul 2021 03:34:44 GMT",QmUuAdTZxzSmDoZKeyiNAUzXzg8cXpEpyrTBDWNBJh1HPS
0xdfDf2D882D9ebce6c7EAc3DA9AB66cbfDa263781,1,73853.89242204,1625285465,"Sat, 03 Jul 2021 04:11:05 GMT",QmbfGFr5zwD3yFcehLxaaaf12CDMzyQ4F61VuSqGid5hzk
0x8B748C3A5650bBDb406468fE418Cdbcb6D38dB53,1,52605.28742204,1625285465,"Sat, 03 Jul 2021 04:11:05 GMT",QmbYfkk5WRQHvjbgyG8b9yWdYajDVCuvAK9pN2uMiYoxfD
0x76C8fE7fff8c2154F552471e46e4A751f1257FF3,1,258371.17694442437,1625285891,"Sat, 03 Jul 2021 04:18:11 GMT",QmQTXmXCSLwkxZ1sXke4isDnUC19jmRgQvUbdGXv2gDajn
0x8F08EE5e3E44bdC28127e050FCB13F5E4671433d,1,183389.74622801,1625287533,"Sat, 03 Jul 2021 04:45:33 GMT",QmWZFrmgYqV65juQWYViNbvn69CPs4bo52wf1NRFjSVJtu
0x7936BE7e409AEBBF9687100AA4BAE308bef01035,1,93837.50742204,1625289273,"Sat, 03 Jul 2021 05:14:33 GMT",QmcdsUztBv3YweUsuSFhZsJtPzWWpqxcukWSy6S762XgCN
0x91774F699eC75833b3297A2CeC75df1b8472C4e3,1,3741.53504043,1625290133,"Sat, 03 Jul 2021 05:28:53 GMT",QmPfUCyn4qLWKwB4yZH4qUYCPxntoAAP1roBJDAewiXhP3
0xBe3F82034778fbF474060f7D4a032f592559ab4d,1,53347.52996987,1625291454,"Sat, 03 Jul 2021 05:50:54 GMT",QmNRjc8xyqjodNaqry2mK1HB9FZoATCxhKUZWagGNnircE
0x3637d7F6041D73917017e5d3E2259473215ecf6f,1,634454.7844872013,1625293486,"Sat, 03 Jul 2021 06:24:46 GMT",QmThi1ujLFdAUN7fxxYE8368augcndm9hXqmErsNdNFn4g
0xD0aCc1314f680599Dc1A81c04F5B4F9CEDE43d9C,1,39084.94188445,1625293941,"Sat, 03 Jul 2021 06:32:21 GMT",QmUwWAy7s2ffksGq7DK7XPRYMpMu9gHGChRwPHkTK5yoHX
0x4d213f2B5230f2cFeaBEC289C2cE4ab17aB01c87,1,52605.28742204,1625294688,"Sat, 03 Jul 2021 06:44:48 GMT",QmPgJdbKYzfK8WYqENhM8K21FpCxd9JwHQEDWfFK6ZJtih
0x16598e250Bc89B6A5f0F81942CBde8f9FB42baBc,1,1000,1625296400,"Sat, 03 Jul 2021 07:13:20 GMT",QmZRZLf7jWNGPyW2E6REYeDN6gVhzxwoupxVzd4AAfJM5L
0xd85c5377aE75553D1fB84c5ECC48cD10ae7603Af,1,52605.28742204,1625297370,"Sat, 03 Jul 2021 07:29:30 GMT",QmNuQHf19bkyhfouAXMksL9C2JaYZxWG4oKbeNHUCQNhJt
0xa4e3A720D3Bc466309A4D485BA7c11e9fd32d8EB,1,1184.81942947,1625298974,"Sat, 03 Jul 2021 07:56:14 GMT",QmTi9MCgvso9s3yLPUBRFkNhd3s5LzhSN3NHQKhAc8tG23
0x806CbCa3F3AC3CfA75eA4838433cAe969935B06B,1,789.87961965,1625299012,"Sat, 03 Jul 2021 07:56:52 GMT",QmZMzsQGusVfhLrSW9ZJuYSHtYdQXwAk6VUxCV6ShwqMRa
0x16A1708187Cf1717744aA1e8Bdb47a93ce1d2E69,1,130.18546443569437,1625300553,"Sat, 03 Jul 2021 08:22:33 GMT",QmdtaomXATDYwX9sfxPJoD3P3MPUMfo9q6rXNnECxUmxgc
0xcabC8491816d5fA9F141c722FD8A08f2fd538333,1,35000,1625300729,"Sat, 03 Jul 2021 08:25:29 GMT",QmeZC4w3Q47Lrwec77ay1Ubutk8LqnHrZ5SaYrndUjKthm
0xD4BEB1e7d13D593f73fEb34a99Ed6e1C88973185,1,52811.94142204,1625301590,"Sat, 03 Jul 2021 08:39:50 GMT",Qmc9CN54AvKTkicVfyo3VKs8xD8JwL9ukiUvpKEK9RivLA
0xc70e679716CCa202c80e3327d0652CB77e350e4E,1,37422.03742204,1625301669,"Sat, 03 Jul 2021 08:41:09 GMT",QmbwZ3w4x3EZkrKaZQwdXLgLuQi4QAhCR1TPHTaUCcpPjR
0xB79411Ca5481024F3d176135E96C96e4046661D2,1,63568.93531054359,1625303561,"Sat, 03 Jul 2021 09:12:41 GMT",QmWTiw1RjkwH9B6zkoVA5t5PTfyMN5maud6ngjtEvgsp5y
0xcEFe61e64eeB96f0bC55479E2E0B92EbD821A370,1,52605.28742204,1625308485,"Sat, 03 Jul 2021 10:34:45 GMT",QmPqTKk88z1v6GaSkgb2ohv615Xxnug32ihre45qiFBsdb
0xBf62319147a6fB8DCB9bd907B890195Be6929222,1,200.66957198530955,1625310753,"Sat, 03 Jul 2021 11:12:33 GMT",QmRX5JcSd3noZjuWH35cHLmYbgGwiPBzQ1fUg9tCj5DgoB
0xF78F2bba5EA14419Ff7Cb5e68d192CD214ec049e,1,100,1625310782,"Sat, 03 Jul 2021 11:13:02 GMT",QmUMXmSQRcFJ45kqAUTGDXTMGCaaUVCE4TSukfGjMKQMK8
0x4fa61F83bA1255462d04CdeFFADecaa411AD693e,1,6,1625311004,"Sat, 03 Jul 2021 11:16:44 GMT",QmTvEgJk1oyxycGw8tNXarbTvDWWxmBFNuVHuK4fNrMCHR
0x2D054602f39Ee2285Fdde7300753E9484D42aDBD,1,100,1625311198,"Sat, 03 Jul 2021 11:19:58 GMT",QmRWWv7uwVuA7hHFW6LTKj1aJGLXUpo6bpUpNt21vbtCVR
0x66Fb20F5d6a4ea8b1AeD0b23a36fD80BeF7A33c2,1,52605.28742204,1625311905,"Sat, 03 Jul 2021 11:31:45 GMT",Qmec2ZhKtmywbsoUV2H4P28mmhdDDwddRDzyozdKym3X15
0x75cD58A01883C6A115A1293C4Dd4CE67D11928f0,1,75118.58442204,1625314875,"Sat, 03 Jul 2021 12:21:15 GMT",QmSSyyBtKtf6YBLdXp25QwdM3Bt6HRU7jpquRFuU5aefHy
0xf15bDFf7a1f2F5D7C4f7cFdAbfB669Cb2630f86b,1,151105.25469704907,1625316009,"Sat, 03 Jul 2021 12:40:09 GMT",QmWjkrNcJ6ezSTfN77xrFgbrL2GP1rN1p46ER7aDsum8EF
0x67e867607d16C010Bee44925e0217814BbEBD801,1,52605.28742204,1625316653,"Sat, 03 Jul 2021 12:50:53 GMT",QmNRg5poYzefGmqppW6eLkVBhyu9AXwNwH9r4ajgi9i3ZQ
0x965bedAbfE79e18f07394f10B631D923C5b7e52b,1,37422.03742204,1625318140,"Sat, 03 Jul 2021 13:15:40 GMT",QmXK6onsvpe1B3jgayuVQ5wBTb4E6n7ASF6vsF7iwu7D8d
0x1b784725944eE55eb74f41E29D1262a0dD4D9135,1,44402.769,1625318239,"Sat, 03 Jul 2021 13:17:19 GMT",Qmd6uFe53JbNA6VVNUn3d8YFrRqYMTYw2aoPozXjTkMexR
0x2D1E7B6E6284409e16991dE76d2A82847a7d61C5,1,42646.40070275983,1625319556,"Sat, 03 Jul 2021 13:39:16 GMT",Qma84VQwh4WETzFJTSt9hm7BRDvFy8birSPN96JUNjiJfz
0xFB4974917850D9D82D812DD49221EB0B4C2F240e,1,52605.28742204,1625324908,"Sat, 03 Jul 2021 15:08:28 GMT",QmVcCqvxsALmg4sympKdfDURy1HocBeKWXSxN33dhnW5Bb
0x6D8E74c18BE67D37Ea0753582C06c0D414A16b8f,1,40000,1625325462,"Sat, 03 Jul 2021 15:17:42 GMT",Qmec2gBvvD1qY2fXjYncEbYPwu2zbW6AbJnELomX9Z45yq
0x2a08fEcB8AC932cb7d3f6A3A0e434a4B9968DD56,1,56554.68552027,1625332176,"Sat, 03 Jul 2021 17:09:36 GMT",QmUY6nL8ZMBSNobpAt5ppVxzQNqWzqkeTpHJm1yXCUKGnw
0x0F1d41cc51e97DC9d0CAd80DC681777EED3675E3,1,50708.614422039995,1625338276,"Sat, 03 Jul 2021 18:51:16 GMT",QmaUfgubWokEkBpdxVLXqL2tQgQQqhHZLEGYhok97vaE2L
0xD64dd7F85a192c6B98CE244a3f14D65B2eF4f4a2,1,789.87961965,1625338474,"Sat, 03 Jul 2021 18:54:34 GMT",QmdJZH3nGYxdrGMVk5yw1V2cUi3TXjKLnhX2irEJeexvcx
0xd4f50234b84cC9C4cCE867515Bd3990e86374AF7,1,228288.16671315,1625341493,"Sat, 03 Jul 2021 19:44:53 GMT",Qmdee2U6i7ZqvDC2ZqnkGYj7D8GtVDZifTjy5zxJ65byhr
0x22d877d019b77d3fEd10709C8bF9B519B171c336,1,23376.32119274516,1625341996,"Sat, 03 Jul 2021 19:53:16 GMT",QmZC9wy2KZdruQ2U8cxqh7bs87pN2seXWeGwTqcxnGz2hq
0xFA7513021002F7181333B773BF801DFD7fd91ce7,1,37044.243042571805,1625343419,"Sat, 03 Jul 2021 20:16:59 GMT",QmTU2zjtc2GqHLZbZh6aJeDwbD478hEy1G1Ly2ZA98aevc
0x4F5695d12c30eae448c5f38023B12572e483453c,1,52605.28742204,1625344034,"Sat, 03 Jul 2021 20:27:14 GMT",QmNrdWnqUbvtGD6sFnnK8TvdCRXeQKQMDD1FbDt9cehD99
0x3F9b01F7f79Dd83A0D1006Dc666c78dE3eFE9cB9,1,215366.27742204,1625350638,"Sat, 03 Jul 2021 22:17:18 GMT",QmV2eZxFDfGigWuFVKzK3u4GCf3uuR1EuJdvoSpzmV7dLv
0x303EeFeDeE1bA8e5d507a55465d946B2fea18583,1,5000,1625351429,"Sat, 03 Jul 2021 22:30:29 GMT",QmUTFjUzF4K16SLfRmzu55F3zn7qE6mEntP8EVCKYuHv2R
0x1f54408D38EB1f09578ae9A46D79E348675A08eF,1,52605.28742204,1625359336,"Sun, 04 Jul 2021 00:42:16 GMT",QmZjMayLrrJBvzYGUxrXxavigLonuWqvxAZunBkxLSAQf3
0x83C9440dc34DA00c47A0d4dC2b598d7BDB1b53F7,1,789.87961965,1625362658,"Sun, 04 Jul 2021 01:37:38 GMT",QmWdd6AjTSUdEHEosLno99FwNkm9NHcWx624xqoD8dFunb
0x194F0fE6D4DfBF198868B1B507Cd74122FBFEbCC,1,151779.72840667854,1625363403,"Sun, 04 Jul 2021 01:50:03 GMT",QmPjSkjbSxPxAti7Wxah5JW69XiWRycYFpfEK9AqVHZnH5
0x16458D6563e02eE371544096cEB89Dc32316C3dD,1,53835.00731224507,1625366549,"Sun, 04 Jul 2021 02:42:29 GMT",QmTzyLs5GtWnLmXiT7VP6R28LqNwimatjNGL6cW6a6zPUQ
0x45208c10E922D932c0A638e7d8e92307fC73B40b,1,484.0153784104579,1625367044,"Sun, 04 Jul 2021 02:50:44 GMT",QmdXmXu7DU1xiRt2t1jPNqb1M1r3QmbAFBiPySddNtPocD
0x74f0ef88878bAd5c38EE76144ebB723C94E25A86,1,183389.74622801,1625373344,"Sun, 04 Jul 2021 04:35:44 GMT",QmWhQXv8woNBuUVfkNcMG7s5y4MhNdAWTNKRAPTDUywsE4
0x0040DAAC32D83c78546ae36dA42A496B28ab09E1,1,52605.28742204,1625384472,"Sun, 04 Jul 2021 07:41:12 GMT",QmYJqYjfx3eugzwy1SHCEbvTmSH8965XyNgxhpT43RaH2y
0x6F1B12a415E035eEbDc8559130eA8bdb96ADd48c,1,20205.415359399318,1625384574,"Sun, 04 Jul 2021 07:42:54 GMT",QmWBfQ2W2a2KRX4Cb2jRnf8Yok9SoE2twa46RW5QemEVyc
0xDe4636287944cA28F8390Da22eb32Fa6E36BAd29,1,40240.93967098,1625390265,"Sun, 04 Jul 2021 09:17:45 GMT",QmZsbd19rq5iHKASrN8XvfAk6SBcFYUnpCG1wfamsWGKCh
0xAe5499976FfD3e58Be47BDD51c787A5201D957f4,1,52605.28742204,1625399883,"Sun, 04 Jul 2021 11:58:03 GMT",QmRM7o7WiYN8DmcVLCFSCW1kovbfEAD7eCuzWw5z6cr8XM
0xF2325B0898937955E7d15c7B5f76CeE895A6adC4,1,52605.28742204,1625400148,"Sun, 04 Jul 2021 12:02:28 GMT",QmZwh4iohYHtesSde69uWTJbtGGP4trG88PvZq22Gci8r6
0x06Dc0CBF44EED256C5975210095be703504a4541,1,63663.60209708,1625409351,"Sun, 04 Jul 2021 14:35:51 GMT",QmRPaCKbBw1xzwajdUQG6N4uEQZTgbYZN3Ke5LPsUxT76V
0x66300889AFb808626498c28e3811bb9B06A014aD,1,160292.4680868474,1625409645,"Sun, 04 Jul 2021 14:40:45 GMT",QmbguXBqDueD7mjDUa6niAgnF8f8oUpdAyq8T4Wjiee5BR
0x25ba2F53B518c3EBD1b260f7B013eF1D58BBc109,1,100,1625412603,"Sun, 04 Jul 2021 15:30:03 GMT",QmPxBmjyULUUQWrrqWoUeiowmQc1g9twazsSfzxWW6Akh2
0xb6ac0341Fcf3FB507A8208D34a97f13779e1393D,1,224483.54264140944,1625412732,"Sun, 04 Jul 2021 15:32:12 GMT",QmcVqaBgVBzU6nWbC6N8xR3kRqQYcHbLusppJ8c557RiQv
0x3F31bDe678303320F19a677B8eD2A4A0739DaCA7,1,183389.74622801,1625413988,"Sun, 04 Jul 2021 15:53:08 GMT",QmSQHgCNyjQkBRH8ZDzqnHixRmoPLj6EoaeUAANTYUdhXo
0x4d26bc95C771d1d0a5c5E76297c8F53FfE5f6C19,1,44946.379320772656,1625415459,"Sun, 04 Jul 2021 16:17:39 GMT",QmUFXVdZghjKJ9xr5A8YvkPCJhBpuBsbDSpePctchVqoGS
0xCF603a4B0D42337DD9fde4998c092aDc9C6C7fDb,1,831.45223121,1625417414,"Sun, 04 Jul 2021 16:50:14 GMT",QmRTcBJHuRtyvHNpaL9YmZ5hdkzsVEZnz4XHxqYPzaHQpJ
0xd88138A5D451294724126B32E441602eAF7ff62d,1,11775.741310408035,1625426933,"Sun, 04 Jul 2021 19:28:53 GMT",QmRi3dmYHjjdPEG7zBx1QjEcsvDnGqm4MMPZhg41Hc1PPC
0x19420A5a0eD9957C8328F7a1CacFcdfEf41734a6,1,789.87961965,1625431832,"Sun, 04 Jul 2021 20:50:32 GMT",QmQeWfVYKRPbLZKAooeLaSEcCAGEDMGeQ92L3RtzTdoot4
0x61f1EC7720Bf935E6dcC03eBCFd0E01774C563E2,1,52605.28742204,1625433857,"Sun, 04 Jul 2021 21:24:17 GMT",QmSuCE9YSgBfD7VF2dm3iQCJecSDFt2P1WCRKaBX5U4Wnj
0xa60DD9d42fdD43E91Da63BD261997E14F21C69Fd,1,876.6268410829695,1625435353,"Sun, 04 Jul 2021 21:49:13 GMT",QmXVDf991erzr6nMJitradBKnPrtzX26TQyWTqHpCTGi43
0x21b98f5698FD33d9cB58f6aB8d5ec58E803FCba2,1,97786.90552027,1625445019,"Mon, 05 Jul 2021 00:30:19 GMT",QmVft2YCxR12DRGzvaYJ8xZGcd8RkGdAtWVwpTAeFegV3Q
0x3eC25DBBF90468979c25b45D9F76aBAAA59dFCa2,1,1416.10425146,1625446676,"Mon, 05 Jul 2021 00:57:56 GMT",QmYr7HTQMK4RBHUpyh5GzEN4hvGknAp1Q9qDTgEqkrssCL
0x1C3D73C464cE058012ff97D69B62B060e3D6A41C,1,1413.92186057,1625446738,"Mon, 05 Jul 2021 00:58:58 GMT",QmbRL2Pgf7Ba5vWNPKoVKy5Xm3SH1RQ1u6AwCjKPbiUP6w
0xf632f067bB26B08E95e23225A016ED9E02265137,1,87422.03742204,1625447285,"Mon, 05 Jul 2021 01:08:05 GMT",QmYKwjh36dKsyNEC6KczokqWQTK7SSxEsM3ToWbkNLQsa4
0xdB0E387CE7158d84486e7DC7B828Ff9C351DFAB8,1,183389.74622801,1625449938,"Mon, 05 Jul 2021 01:52:18 GMT",QmfCFSnurkT8U3RFp67Ltfr2joH4ekcFmoWmaNj52ehfvh
0xCe5f78b5246D8F1aDcf35591B42f228D1491940b,1,789.87961965,1625452615,"Mon, 05 Jul 2021 02:36:55 GMT",QmTRfEFBUyVoV1ujpCQ2Csej8aaAUVBYykGfEStG2gnobb
0x5A1d1fac4B19162408A795BF385A95CD4692C2c9,1,8730.24842767,1625452809,"Mon, 05 Jul 2021 02:40:09 GMT",QmNpvDnYkrDQWzXLKuN4v9mxXvdWaeqCm9UTQRe6uG7Cva
0xEe0579b4C36fd52EC0A2B542fb801F136838B7f1,1,5559.645246,1625456532,"Mon, 05 Jul 2021 03:42:12 GMT",QmbguTzsP7dw7KdGK1fsxgjwGqG9fRwNfVLGWW4fdaGtu4
0x4A40Eb870DcF533D4dC097c3d87aaFE9f64490A1,1,1000,1625458115,"Mon, 05 Jul 2021 04:08:35 GMT",QmT4kkPfHssTSyeCUz6nu9r7YWcZTiCLboxnmHWtuG5Ufz
0x4AB32D5bF6eC67D7748D9F24394b527c1F917154,1,468986.5165741532,1625459674,"Mon, 05 Jul 2021 04:34:34 GMT",QmRycWZRkU9UH7mwXPEGiakZUpKZUbzZoynCJkkpnYkZER